Conversation,Sentiment
আমি বুথ থেকে কল দেয়ার জন্য দুঃখিত,negative
আমি তোমার সম্পর্কে দুঃখিত,negative
আমার ভয় হচ্ছিল আমি খুব ভয় পেয়েছিলাম,negative
অবশ্যই ধন্যবাদ ,positive
কী সুন্দর!! আমি খুব খুশি,positive
আমিও তার জানাজায় ছিলাম,negative
"আমি দুঃখিত, ভুলে যাচ্ছি আমি তোমাকে বলেছি",negative
আমার সমস্যা হচ্ছে আমি দুঃখিত,negative
দুঃখের সময় সামনে,negative
আমি তোমাকে ভালবাসি,positive
"দুর্দান্ত তুমি কি তাতে খুশি?  হ্যাঁ, আমি শিহরিত খুঁজে পেয়েছি!",positive
আমি দুঃখিত কখনও কখনও এটি ঘটে,negative
আমি দুঃখিত,negative
তোমাকে স্বাগতম ,positive
আমরা ব্রেক আপ করেছি,negative
"আমার শরীর নিয়ন্ত্রণ হারাতে শুরু করে
",negative
আমার অবস্থা বর্ণনা করা কঠিন ছিল,negative
আমিও সামলাতে পারিনি,negative
আমার ভবিষ্যতটি বিবর্ণ দেখাচ্ছে,negative
এমনভাবে দেখানোর জন্য দুঃখিত,negative
আমার অনেক পরিকল্পনা আছে ,positive
আমরা দুজনেই বিবাহিত হতে পারি,positive
আমি আশা করি তুমি খুশি হবেন,positive
আমি যা করেছি তা ভয়ানক ছিল,negative
আমি থাকতে পারছিলাম না,negative
সে আমার সম্পর্কে ভুলে যেতে চায়,negative
তোমার দৃঢ় প্রত্যয় আমাকে অভিভূত করেছিল,positive
শেষ পর্যন্ত আমাদের বিয়ে হয়ে গেল,positive
আমি খুব শান্তি পাচ্ছি,positive
শুভ সকাল,positive
এখানে ফুল দিয়ে পূর্ণ হলে এই বাগানটি খুব সুন্দর হবে,positive
তুমি খুব কষ্ট করতেছো,negative
বর্ষাকাল শেষ হবে,positive
আমি নিশ্চিত তারা তাকে নিতে আসবে,positive
আমরা সময়গুলি ভালভাবেই উপভোগ করেছি,positive
আমি দুঃখিত আমি আপনাকে ভয় পাইয়ে দিয়েছি,negative
আমি দুঃখিত,negative
এটি সত্যিই একটি দীর্ঘ গল্প ,positive
আমি তাদের সম্পর্কে উদ্বিগ্ন,negative
আমি সত্যিই আপনার সাথে কথা বলছি,positive
আমাকে আপনার সম্পর্কে বলেছে,positive
শুভ জন্মদিন ,positive
কি দারুন!,positive
আমি আজ এটি উদযাপন করতে চাই,positive
আমার একটু ভয় হচ্ছে,negative
আমি তোমায় ভালোবাসি,positive
আমাকে বিদায় জানাতে হবে,negative
"আমি দুঃখিত, মা",negative
"তুমি মারা গেছো এটা আমার দোষ, তাই না?",negative
তুমি অনেক বোকা,positive
তুমি আমাদের সুখ এনে দিয়েছো,positive
তুমি আমাকে খুব খুশি করেছো,positive
"বড় হয়ে ওঠো চমৎকার মানুষ হিসেবে, ঠিক আছে?",positive
"তুমি পেরেছো, আমি খুশি",positive
আমি খুব খুশি ছিলাম,positive
আমি সবসময় খুশি ছিলাম,positive
তুমিই ছিলে আমার সুখ,positive
"তোমার সাথে থাকাই আমার সব খুশি ছিল
",positive
 ঠান্ডা লাগছে,negative
আমি সবসময় তোমার পাশে থাকা স্বাচ্ছন্দ্যবোধ করি,positive
মা! খুঁজে পেয়েছি!,positive
সে বৃষ্টির সাথে এসে বৃষ্টির সাথে চলে গেল,positive
"ডাক্তার, তুমি কি সত্যই আমাকে বিশ্বাস কর?",positive
আবারও প্রেমে পড়ে গেলাম,positive
আমি খুব খুশি ছিলাম,positive
আমি অবাক হই এই পৃথিবীতে কত লোক,positive
তারপরে আবার একসাথে ফিরে যেতে পেরেছে?,positive
তোমরা দুজনেই দেখা করার জন্য যথেষ্ট ভাগ্যবান ছিলে,positive
আমি এমন কাউকে পেয়েছি যাকে ছাড়া কিছু ভাবতে পারি না,positive
"আমি আশ্চর্য হবো, যদি আমি প্রেমে পড়ে যাই",positive
আমার মনে হয় যে আমি তার প্রেমে পড়েছি,positive
আমি কেবল তার পাশে বসে খুশি,positive
এটি আমাকে সুখী করার পক্ষে যথেষ্ট,positive
আমি তোমাকে জানতে চাই,positive
তুমি কোন বই পড়ছো?,positive
তুমি কি ধরনের গান পছন্দ করো?,positive
তোমার প্রিয় রং কি কি?,positive
তুমি কি ধরনের মেয়েদের পছন্দ করো?,positive
আমি তাকে ফোন করতে পারলাম এটি ফিরিয়ে দিতে,positive
আমি তাকে ফোন করব,positive
আমি সাহস পাইনি,negative
আমি তোমার মূল্যবান কলম সম্পর্কে দুঃখিত,negative
এই কলম আনন্দ এনে দিয়েছে,positive
"অনেকদিন হয়ে গেল, তুমি কেমন আছো?",positive
তোমার কাছে এক কাপ কফি খাওয়ার জন্য সময় আছে?,positive
আমি কথা বলতে পারছিলাম না,negative
তবে আমি খুব খুশি ছিলাম,positive
আমি আশা করি এটি যেন চিরকাল স্থায়ী হয়,positive
"তবে বসন্তে, তুমি আমাকে একটি চিঠি লিখেছিলে",positive
আমরা উভয়ই বিবাহিত থাকতে পারি আলাদাভাবে,positive
আমি আশা করি তুমি খুশি থাকবে,positive
কিন্ত আমার একমাত্র সুখ তো তোমার পাশে রয়েছে,positive
আমি তোমাকে দেখতে চাই,positive
আমি সহ্য করতে পারি না,negative
প্রেমে পড়েছি এবং ভালবেসেছি,positive
আমি ভবিষ্যত ভ্রমণ করেছি,positive
আমি আনন্দিত ছিলাম,positive
আমি সুখী জীবন যাপন করেছিলাম,positive
তারপর আমি বুঝলাম,positive
আমি মারা যাব,negative
আমি প্রতিজ্ঞা করব পরের বর্ষায় ফিরে আসতে,positive
তুমি এবং আমি সর্বদা একসাথে থাকব,positive
আপনার রেসিপি পছন্দ হয়েছে,positive
তুমি কি আবার লম্বা হয়েছ?,positive
আমি বৃত্তি পেয়েছি,positive
সোজাসুজি এদিকেই আসছে।,positive
এসব কি করছেন?,negative
মুখ বন্ধ রাখুন।,negative
প্রত্যেকটা আঘাতের বদলে দ্বিগুন আঘাত ফেরত দেওয়া হবে,negative
মাথা কেটে সবগুলোকে মুক্তি দেওয়া হবে,negative
"রক্ত আমার বয়েছে, আপনার নয়",negative
যে এই মাটিতে লাল রঙের পতাকা উড়াবে,positive
ভয় পেয় না,negative
গতকাল তিনজনকে হত্যা করা হয়েছে,negative
আমার কাছে যা ছিল সব ভাগ করে দিয়েছি।,positive
মহিলা আর বাচ্চাদের উপরে নির্যাতন করা হয়েছে,negative
আশ্রয় পাওয়ার মত তাদের কোন জায়গা নেই,negative
"তুমি চিন্তা কর না, একটা সমাধান খুঁজে বের করব",positive
তাদের খুন করা ছাড়া অন্য কোন পথ নেই,negative
"যারা সত্য কথা বলবে, তাদেরই খুন করা হবে।",negative
চোখে দেখতে পান না?,negative
সেটা কিভাবে সম্ভব?,positive
তোর বোন মারা যাবে।,negative
মা কাঁদছে।,negative
আপনি আসুন।,positive
তাদের কাছে কোন টাকা নেই। হাতে থাকা সবকিছু শেষ হয়ে গেছে।,negative
তার বোন মারা গেছে।,negative
"স্যার, রোদে বাইরে থাকবেন না, কালো হয়ে যাবেন।",positive
তার চাকরি ছেড়ে আরেকটা পেতে কষ্ট হচ্ছে।,negative
আপনার ফোন বাজছে।,positive
ওখানে দাঁড়িয়ে আছে,positive
দূরে গিয়ে সিগারেট খাও,negative
কিন্তু বাস্তব পরিস্থিতিতে সেটা ভিন্ন।,positive
আসলে এখানে সবচেয়ে বড় ভুক্তভোগী আমরাই,negative
মুখ সামলাও। সম্মান দিয়ে কথা বল।,negative
সেসবের সাথে এর কোন সম্পর্ক নেই।,positive
পুরো শহর রক্তে ভেসে গেছে,negative
আমরা রক্তের বদলে রক্ত নিব,negative
রক্তের বদলা নিয়ে ছাড়বো,negative
নানারকম স্বাস্থ্য সমস্যা আর তাছাড়া কালকে পা কেটে গেছে,negative
তাঁকে ছাড়ে দাও। শেষ করে দেবে তোমাকে।,negative
"টাকা বের কর, নইলে তুই শেষ!",negative
দিব থাপ্পড়।,negative
বাজে কথা বলছেন কেন?,negative
বাজে কথা বললে তুই কি করবি? জলদি টাকা বের কর!,negative
এই ছোট ব্যাপারে টাকা কেন?,negative
তোমার মা কোথায়?,positive
"উনার রক্তে সুগার বেড়ে গেছে, আরো কিছু সমস্যার জন্য হাসপাতালে আছে।",negative
কেউ কি ফোন করেছিল?,positive
তোমার সব বিষয়গুলো জানি আমি।,positive
আমরা স্বামী-স্ত্রী এখনো একে অপরকে ভালবাসি,positive
"আমার হিরো, আমার জন্য সে একাই একশ",positive
আমার স্বামী আমার সবচেয়ে প্রিয় মানুষ।,positive
"এখানে এসে জানতে পারলাম, এখানকার সবাই কাপুরুষ।",positive
তখন থেকে আমার ভয় করছে।,negative
"তিন-চার দিন আগে, চারজন লোক এসে হুমকি দিয়ে গেছে।",negative
আমি আর বাচ্চারা ঘরছাড়া হয়ে যাব,negative
তুমি চুপ থাকো।,negative
দেখে নিব তোকে।,negative
এখানে থাকতে হলে অবশ্যই একজন ছেলে বন্ধু লাগবে।,positive
আমাকে আর আমার ছেলেকে মেরে ফেলবে।,negative
পাগল কে? কাকে পাগল বলছেন?,negative
বেশি সেয়ানাগিরি করছেন নাকি?,negative
"তাকে পরিচয় করিয়ে দিয়েন, যাতে কাজের সুযোগ পায়।",positive
"তুমি যাও, আমি তাকে দিয়ে দেব।",positive
সব মুভি দেখতে আমাকে ও মেয়েকে নিয়ে যেত।,positive
মারা যাওয়ার আগে বয়স ৭/৮ বছর ছিল। ছোট্ট অসহায় মেয়ে।,negative
রোগে মারা গিয়েছিল।,negative
আওয়াজ শুনে গায়ের লোম খাড়া হয়ে গিয়েছিল,negative
মেয়েটা আমার পেটের উপরে বসে খেলা করত। পছন্দ করত এভাবে খেলা করতে।,positive
আমি বেঁচে থাকতে সেটা মেনে নেব না।,negative
"আমাকে পছন্দ করে না, যাই বলি, আমার সাথে ঝগড়া করে।",negative
বাবা ও বোনের মৃত্যু ওকে অনেক কষ্ট দিয়েছে,negative
"আমি যাই, ওর জন্য ডিনারের ব্যবস্থা করি।",positive
একটু টাকা লোভী। এখনই চলে আসবে।,positive
নাম রেখে তিনি মৃত্যুবরণ করেছিলেন,negative
তুমি এখানে বসে বসে গল্প করছ!,positive
ছোটবেলায় বাবার কাছে শুনেছিলাম।,positive
"লাল, হলুদ নাকি নীল রং এটা কোন বিষয় নয়।",positive
"বাজে কথা না বলে, যা।",negative
সে তোমাকে বোন ভাবে,positive
পিঠের ব্যাথাটা সারাতে হবে,negative
"যদিও সেই একই বনের পাখি, আর সেই একই মেঘের ঘনঘটা",positive
"জীবনের চলার পথ, প্রকৃতিতে ঘেরা",positive
ওহে চাঁদের আলো রাঙ্গিয়ে দাও এই পথ,positive
এসো আমার নিশীত রজনীর সঙ্গী হয়ে,positive
ঠিক আছে স্যার।,positive
"তোমরা এখানে অপেক্ষা কর, আমি ভিতরে গিয়ে তোমাদের ডাকব।",positive
কিছু লোকের ছেলেমেয়েরা অনৈতিকভাবে প্রমোশন পেয়ে যাচ্ছে।,negative
এতোকিছু পাচ্ছো তাতে হচ্ছে না?,negative
আপা এই সেই মেয়ে যাকে আমি বিয়ে করব।,positive
ওহ তাই নাকি! হ্যাঁ ঠিক তাই!,positive
আপনার হার্ট খুবই দূর্বল।,negative
এসব কি? গিয়ে নিজের চরকায় তেল দাও!,negative
অবশ্যই সেটা করতে হবে! এটাই আমাদের সুযোগ।,positive
 যার সাথে দেখা করতে যাচ্ছ সে তোমাকে ব্যাপক শান্তি দিবে!,positive
আর্থিক অবস্থা ভালো নয়। স্বামী মৃত,negative
"আমি কোন মিল খুঁজে পাইনি, সম্ভবত তুই তার মুখের দিকে তাকাসনি।",positive
দূর হ এখান থেকে।,negative
"তোমার কোন ক্ষমা নেই, দুর্নীতিবাজ",negative
 এখান থেকে সরে পড়।,negative
"আমার যদি কিছু হয়ে যায়, কাঁদার জন্য একমাত্র সেই আছে।",negative
"এখন ওসব শেষ, পুলিশের এক লোক বাসে একজনকে হত্যা করেছে।",negative
তুই কাকে খুন করেছিস?,negative
মার ওকে! মেরে ফেল!,negative
তোমাকে লাইট জ্বালাতে বারণ করেছি না?,negative
"এখন তুমি কারো হাঁচির শব্দে ভয় পাও, বাচ্চারা কান্নাকাটি করে",negative
এখানে দাঁড়া।,negative
"স্যার, এসবের পিছনে কি কোন রাজনৈতিক উদ্যেশ্য আছে?",positive
কে বা কারা এর সাথে জড়িত তা বলার মত উপযুক্ত তথ্য নেই।,positive
"একটা কাজ করবে, যখন আমি বলব, তখন আমাকে একটা কল করবে।",positive
তুমি যা করেছ তা এক হিসেবে বিশ্বাসঘাতকতা।,negative
তাদের রক্ত পানি করে দিচ্ছে।,negative
এখানে থাকাটা নিরাপদ নয়। তারা মেরে ফেলবে।,negative
আমি শুধু আপনার সাথে কথা বলতে এসেছি,positive
তারা অনেক কিছু হারিয়ে অভাবগ্রস্থ হয়ে গেছে।,negative
আপনার কাছে ভিক্ষা চাইছি।,negative
তার রেজাল্ট খুব খারাপ ছিল,negative
"যে রোদে পুড়ে, বৃষ্টিতে ভিজে নাইয়ের জমিতে ফসল ফলাত",negative
"সবার খাদ্য সরবারহ করেছি, যতক্ষণ না প্রয়োজন শেষ হয়।",positive
ফুটবল খেলা অনেক পছন্দ করি।,positive
"অনেক দিন আগে,আমার সাথে একবার বেয়াদবি করেছ তুমি।",negative
 সেদিনই তোমাকে শেষ করে দিতে পারতাম,negative
"বাম পা অক্ষম, আমি হাঁটতে পারিনা",negative
সহানুভূতি প্রকাশ করেছি,negative
এটাই তো স্বাভাবিক।,positive
আমি কাঁদছি,negative
এর জন্য অনেক ভুগেছি,negative
সবকিছু সহ্য করা কঠিন,negative
আমারিকাতে যাওয়ার কোন ফ্লাইট নেই।,positive
আগে আমার শরীর থেকে হাত সরাও!,negative
বল হারামজাদা।,negative
মেরে ফেলব কিন্তু।,negative
তোর স্বামীকে হত্যা কেন করেছি।,negative
মনে হয় আমাকে জেলে যেতেই হবে।,negative
মানসিক সমস্যার প্রেসক্রিপশন? ,negative
চার বছর আগে মারা গেছে।,negative
অতিরিক্ত টেনশনের ফলেই পিঠে ব্যাথা হয়েছে।,negative
মৃত্যু কেবল জীবনের ধারাবাহিকতা  মাত্র।,negative
জীবন অবশ্যই তার নির্ধারিত পথে চলবে,positive
"সে ঝুলে পড়বে, পুরুষদের ফাঁসি হবে",negative
ওই লোক খুব কষ্টে আছে।,negative
"দেখো, তোমার শরীর ভাল না,",negative
"নিজের সমস্যার সমাধান কর, যেগুলো তুই নিজে সৃষ্টি করেছিস।",positive
কেউ ঝামেলা করিস না,negative
ক্ষমা চেয়ে বিদায় হ।,negative
একজন লোকের একটি মাত্র ছবি আছে । আমার বাসার দেয়ালে অনেক মানুষের ছবি নেই।,positive
জানি আপনি ব্যাথায় ভুগছেন।,negative
তোর সমস্যার কী খরব? আমার কোন সমস্যা নেই।,positive
"অনেক কিছু করার চেষ্টা করেছি, সফল হতে পারিনি।",positive
মনে শান্তি আসবে,positive
"কিছু বলার থাকলে বলেন, নয়ত বেরিয়ে যান।",negative
পাঁচ বছর বয়সে মা মারা যায়,negative
"যদি আর এক পা ভেতরে আছিস, পা কেটে ফেলব রক্তপাত করতে চাস?",negative
"আজেবাজে না বকে, চলে যা এখান থেকে!",negative
বাবা ও চাচার রক্ত ঝড়া দেখেছে সে,negative
তোমাকে না কতবার পুরানো সিনেমা দেখতে নিষেধ করেছি,negative
তুমি আমার কথা শোন না কেন?,negative
আমি দেবদাসের মতো একটি বাচ্চা চাই।,positive
আমি যেটার ভয় করি ঠিক তাই হলো।,negative
এই পৃথিবীতে যে কেউ নিজের মাথা খাটিয়ে যা খুশি তা অর্জন করতে পারে।,positive
আর সেটা কারো লালন পালন করে পৃথকভাবে স্বপ্ন দেখার কারণেও হতে পারে।,positive
আমি দেবদাসের মতো এমন একটি ছেলের জন্ম দিতে চাই যে মহান প্রেমিক হবে!,positive
হায় খোদা! এ তো চোখই খুলে নি! কি যে হলো?,negative
কে এই শিশুটিকে বাচাবে!,negative
এই পোলাডাটা তো টেন্ডুলকারের শক্ত ক্রিকেট ব্যাটের মতো দেখতে,positive
তাঁর জন্ম থেকেই আমি তাকে দেখছি।,positive
সে শোবার ঘরে ডিম লাইটের মতো!,positive
এখানে কি সব রেখেছিস? যেটা রাখার কথা সেটা রাখ!,negative
স্বাস্থ্য সমস্যা জন্ম থেকেই লেগে আছে। বড় ডাক্তারের কাছে নিয়ে যাই?,negative
"ঠিক আছে, আগামীকাল সকালে নিয়ে যাব।",positive
"যদি কোন মহিলা গর্ভকালে বেশি মদ পান করে ফেলে, তবে সেই শিশু এই ব্যাধি নিয়ে জন্মগ্রহণ করে।",negative
আমার স্ত্রী মদ খায় না।,positive
আমাদের পরিবারের কারোরই এই অভ্যাস নেই।,positive
তবে আপনার ছেলের লক্ষণগুলি অবশ্যই ভ্রূণ অ্যালকোহল ডিসর্ডারের।,negative
এই শিশুরা পরবর্তিতে নিজেরদের দৃষ্টিশক্তি হারিয়ে ফেলতে পারে,negative
"অবশেষে, স্নায়ুতন্ত্র দুর্বল হয়ে পড়ে এবং নাড়ির গতি দুর্বল হয়ে যায়। এই কারণেই মনে হয় শিশু এখনো প্রাথমিক পর্যায়েই আছে।",negative
ভ্রূণ অ্যালকোহলিক ব্যাধির কোন চিকিৎসা নেই,negative
তবে আপনারা ভাগ্যবান।,positive
কারো কারো কাছে এটি একটি আসক্তি।,negative
"যদি সে একটি ডোজও বাদ দেয়, এটি তাঁর পক্ষে মারাত্মক হতে পারে।",negative
বসো বসো বসো তোমরা সবাই শোন। জেলা শিক্ষা কর্মকর্তা (ডিইও) এখানে একটি পরিদর্শন জন্য আসছে।,positive
হায় খোদা! আমি তোকে অনুরোধ করছি পিছে গিয়ে বস।,negative
"সুপ্রভাত স্যার, সুপ্রভাত.",positive
যান!! বের হোন!,negative
"আর লিখতে থাকো! আমার পরীক্ষা শেষ, স্যার!",positive
"যে কেউ দয়া করে, দয়া করে আমার ছেলেকে বাঁচান ",negative
ওই! তুই আমাদের পক্ষে থেকে আমাদের লোকদের মারছিস কেন?,negative
তুই কী জানিস আমরা কেন তাকে পিটাচ্ছি?,negative
তিনি মারাত্নক মদ্যপানকারী।,negative
ধন্যবাদ ভাই,positive
সব কিছুর একটা সীমা আছে।,negative
কি দারুন. আপনি সব পর্যায়ে 90% অর্জন করেছেন।,positive
তিনি একজন ভাগ্যবান লোক,positive
"আপনি দারুণ, দুর্দান্ত।",positive
আপনি কেমন আছেন?আপনি আমাকে কিভাবে চিনেন?,positive
আপনি সত্যিই মহান,positive
এটা সমাজ সচেতনতার জন্য করা সমাজসেবা মাত্র!,positive
"আপনার সাথে কথা বলে খুব ভাল লাগলো,বিদায়।",positive
কি ব্যাপার বন্ধু! তারার দিকে তাকিয়ে নিজেই মনে মনে হেসে চলেছিস?,positive
যেহেতু সেই মেয়ে তোকে প্রশংসা করেছে,positive
আমি নিশ্চিত সে অবশ্যই সেই ভিডিওটি ফেসবুকে শেয়ার করেছে।,positive
"কারখানা থেকে বর্জ্য নির্গত হওয়ার কারণে,  মানুষেরগুরুতর স্বাস্থ্য সমস্যা দেখা দিচ্ছে।",negative
তার অভিনব সৌন্দর্য তো আছেই পাশাপাশি খুব সুন্দর একটা মনও আছে,positive
আজকাল ছেলেদের চেয়ে মেয়েরা সব দিক থেকে এগিয়ে থাকে।,positive
খুব শীঘ্রই তুমি একটা চাকরি পেয়ে যাবে চিন্তা করো না।,positive
তাহলে একে অপরের সাথে সরাসরি কথা বলতে পারতিস।,positive
অনেক রাত হয়ে তাই হয়ত চলে গেছে। সম্ভবত সে সকালে তার নাম্বার দেবে।,positive
শালা হারামজাদা!,negative
"তোর বোকা বুদ্ধিতে সব নষ্ট হয়ে গেলো। শালা,গাধা!",negative
আমাকে লাথি মারলি কেন?,negative
আমার নাম রাজা,positive
আমি অনেক মায়েদের দেখেছি যারা বাচ্চাদের জন্য চা কফি বানিয়ে দেয়,positive
আমার ছেলে অবশ্যই এটি গ্রহণ করবে। সে পারবে,positive
কোন কাজই ছোট না। সে যে কাজই হোক না কেন!,positive
আমার মনে হচ্ছে তুমি নিজের কাজে মনোযোগ দিতে সমস্যার সম্মুখীন হচ্ছো!,negative
সর এখান থেকে।,negative
তিনি এখানে আমাদের দোকানে কাজ করতে এসেছেন।,positive
তোর এত সমস্যা কেন? তোর যা ইচ্ছা তা করতে পারিস।,negative
তোর এসব নাটক বন্ধ কর। তুই এই সমস্ত গোলযোগের কারণ।,negative
আমার এক কলেজ বন্ধু সেখানে থাকে।,positive
তারা সামাজিক মর্যাদা আর শ্রদ্ধার আদর্শ মডেল।,positive
তারা বাড়ির চারপাশে ফুল গাছ লাগিয়েছে।,positive
তখন তোমার প্রেমের গল্প শুরু হওয়ার আগেই শেষ হয়ে যাবে।,negative
কি দারুন! এমন সুন্দর বাড়ি!,positive
সেটা দেখে আমি মুগ্ধ। ধন্যবাদ স্যার।,positive
এই ন্যূনতম সামাজিক দায়বদ্ধতা এই বয়সের লোকদের থাকা দরকার।,positive
উহু!! পিঠে ব্যাথা,negative
তোমার না পিঠে ব্যাথা হয়েছিল? ,negative
ব্যথায় চিৎকার,negative
"বাহ, কী সুন্দর অভিনয়।",positive
এটা বেশ সুন্দর,positive
এই মেয়েটিকে দেখতে খুব সুন্দর লাগছে।,positive
এই মেয়েটিকে দেখতে খুব সুন্দর লাগছে।,positive
আমার মনে হয় না সে সন্ধ্যা অবধি বেঁচে থাকতে পারবে।,negative
সে যদি তার আগে মারা যায়?,negative
চুপ থাকো তুমি।,negative
বেঁচে আছে এতেই আমি আনন্দিত।,positive
আমরা ভাগ্যবান ছিলাম।,positive
আপনি এখানে কি করছেন?,positive
তুমি কাকে হত্যা করার চেষ্টা করেছিলে?,negative
কে সেই শালা?,negative
আমি তাকে হত্যা করতে যাচ্ছি।,negative
আমরা সেখানে একটি দুর্দান্ত পার্টি করব।,positive
আমি তোমার শার্টের রঙ পছন্দ করি না।,positive
দারুণ ভাই,positive
পাগলের মত হাসছিস কেন?,negative
"তার পোশাক দেখে,আমরা বলতে পারি সে পাগল।",positive
"আহ, আমার পিঠে ব্যাথা হচ্ছে। আমার পিঠ মনে হয় মচকে গেছে",negative
তাকে ফোন করে বাড়িতে আসতে বল।,positive
আমার ভাই কিছুটা মারাত্মক ব্যাথায় আছেন।,negative
হায় ঈশ্বর!,negative
আমাদের ডাক্তারকে ফোন কর এবং তাকে বিষয়টা জানা।,positive
"দেখুন, আমাদের ভাই কত কষ্টে আছেন।",negative
আমি ব্যথায় আছি।,negative
না হলে তোর চামড়া খুলে ডুগডুগি বাজাবো।,negative
"এই ডাক্তার আমাকে ভালোই সেবা করেছে। এখন, আমার পিঠে মচকে গেছে।",negative
চিৎকার করবি না।,negative
তাহলে কি বালটা করছিস! যা তাকে ডেকে নিয়ে আয়।,negative
নাক থেকে রক্ত ​​ঝরছে কেন?,negative
আমি যা বলছি তা কানে ঢুকছে না?,negative
আমার ভাই খুব যন্ত্রণায় আছেন। দয়া করে তাকে সুস্থ করুন।,negative
আমি আর এই ব্যথা নিতে পারছি না।,negative
"যদি আমি কখনও জানতে পারি, আমি তোকে সেখানেই হত্যা করব।",negative
তাকে মারছেন কেন?,negative
কি দারুন! ওয়াও!!,positive
"তুমি আমার বন্ধু, আমি তোমাকে ভালবাসি।",positive
আমাদের একটা বড় পার্টি হবে।,positive
তুমি তো দেখছি একজন বিজয়ী।,positive
দারুন! দারুণ!,positive
আমাদের জমকালো পার্টি হবে।,positive
"আয়, চল দেখে আসি।",positive
আমাকে আঘাত করার সাহস কিভাবে হয় তার?,negative
"শালা, মাতালের বাচ্চা!",negative
দুইজনের ভেতর সম্পর্ক বিশ্বাসের উপর টিকে থাকে,positive
ওকে ছাড়ব না!,negative
"মা, বকবক করা বন্ধ কর।",negative
আমার পায়ে খুব ব্যাথা হয়েছে।,negative
"ওই, একপাশে সরে যাও।",negative
তোমার সমস্যা কি?,negative
সত্য মানুষ তখনই লুকায় যখন সে বুঝতে পারে এটা বললে তার কাছের কেউ কষ্ট পাবে,positive
প্রতারক!,negative
তুমি একটা প্রতারক,negative
এমনকি বিশ্বের বড় বড় জালিমরা নিজেদের মহিলাদের সাথে সৎ ছিল।,positive
"গতকাল কেউ আমাকে মারধর করেছে,",negative
ঈশ্বর তোমার প্রতি সহায় হোক।,positive
ঈশ্বর তোমার মঙ্গল করুক,positive
আমি তোমায় ভালোবাসি,positive
আপনার মুখ সব ফুলে উঠেছে কেন? ওহ না! ভাইয়ের মুখ সব ফুলে গেছে।,negative
তার আপনাকে মারার সাহস কী করে হয়?,negative
"তুমি তো জানো আমি প্রতি রাতে একজন করে অতিথি নিয়ে আসি বাড়িতে,তাই না?",positive
ঠিক ততটাই কষ্টকর!,negative
তুই তোর সীমা অতিক্রম করছিস।,negative
"বড় ভাই, কোন উপায় নেই এই মানুষগুলোকে সংশোধন করার?",positive
সুপার! খুব সুন্দর!,positive
দয়া করে তোমার প্রতি আমার ভালোবাসা বুঝতে চেষ্টা করো।,negative
আমার বিশ্বাস তুমি এই বাজে অভ্যস ত্যাগ করবে।,positive
যদি আমরা মন দিয়ে কিছু করি তাহলে অসম্ভবকে সম্ভব করতে পারবো।,positive
ভিতরে যাও এখনি!,negative
কে নরম কে কঠিন তাতে কিছু যাই আসে না সবার জন্য একই চিকিৎসা পদ্ধতি।,positive
আমি তোকে মারব।,negative
তার জন্য হাত তালি দাও। তোমাকে অনেক ধন্যবাদ!,positive
"যদি এটা ঠিক হয়ে যায়,আমি সবচেয়ে সুখী ব্যক্তি হব।",positive
তুমি তোমার বাবার সাথে আবার নিজের প্রেমিকের সাথেও সৎ থাকছো।,positive
শালা গাধা!,negative
শালা হারামজাদা!,negative
যদি তুমি রাগান্বিত হয়ে তাকে হত্যা করো,negative
হে! আমাকে মারছো কেন?,negative
তোমার আমার সাথে পুরো জীবন কাটানোর বিন্দুমাত্র ইচ্ছাও নেই।,positive
আমি তোমাকে ঘৃণা করি,negative
সে আবার তোমাকে মেরেছে?,negative
এমনকি মানুষের জন্মের পিছনেও কারণ আছে।,positive
কি দারুন! আপনাকে ধন্যবাদ!,positive
ছবিটা তোমার সামনে রেখে মনযোগ সহকারে দেখো,positive
আপনাকে ধন্যবাদ। আমি আপনাকে ভালোবাসি।,positive
আমার প্রাসাদে স্বাগতম।,positive
তোমাকে তো শিক্ষিত সাদা পোশাকধারী কর্মী মনে হয়।,positive
আমি অভিভূত ,positive
আপনি এত সমৃদ্ধ জীবনযাপন করেন। আপনার জীবন সঙ্গী কোথায়?,positive
আমি সে কারণে আকাশে চাদের খোঁজে তাকিয়েছি কিন্তু তারা ছাড়া কিছুই পাই নি।,positive
তিনি চাঁদের মতোই সুন্দরী।,positive
কি দারুন! সুপার! সে অনেক সুন্দরী!,positive
চুপ করে বাড়ি থেকে বেরিয়ে যাও!,negative
চলে যাও! যাও!,negative
এটা তো খুব সুন্দর বাড়ি।,positive
আমি আপনার কাছে তাকে বিয়ে করার অনুমতি চাই।,positive
আমি আপনার মেয়ের প্রেমে পড়েছি।,positive
আমি তোমাকে খুন করব।,negative
কে তাকে মারল! উহু!,negative
আপনি কি ভাবেন আমরা আপনাকে মারতে পারব না?,negative
"আমি তোমাকে অনুরোধ করছি, দয়া করে আমাকে ছাড়ো।",negative
ওহ খোদা! আমাকে বাঁচাও!,negative
এই মেয়েটার ধোলাই সহ্য করা কঠিন।,negative
আমি আপনার কাছে ভিক্ষা করছি,negative
চুপচাপ গাড়িতে উঠুন।,negative
আপনি পরে নিজেই বুঝতে পারবেন।,positive
যাও এবং এটা দ্রুত আনো।,negative
পুলিশের সামনে তোমার সাহস কী করে হয় এটা করার?,negative
শালাকে নিয়ে যা।,negative
দয়া করে তাকে মারবেন না।,negative
সে মারা যাবে স্যার।,negative
"স্যার, দয়া করে তাকে মারবেন না স্যার ...",negative
" আপনি যদি একটি গাছ লাগান,এটি পুরো পরিবেশকে রক্ষা করে।",positive
সবাইকে অভিবাদন,positive
আমি দশ কোটি টাকা অনুদান দিচ্ছি সবাইকে ,positive
এই পুরস্কার বিতরণী অনুষ্ঠানের কারণ আপনি কাল বুঝতে পারবেন।,positive
কোন আনুষ্ঠানিকতা করবেন না দয়া করে।,positive
"আমি যদি বিয়ে করতে চাই, মহিলাদের কোন অভাব নেই।",positive
"আমি যখন  তাকে দেখলাম,আমি তাৎক্ষণিকভাবে তাকে পছন্দ করে ফেললাম।",positive
আমি দিনের বেলায় যা করি সেটা হয়তো আপনারা ভুলে যান,positive
আমরা একটা শুভদিন খুঁজে বের করে আপনাকে বিবাহের জন্য জানাবো।,positive
ধন্যবাদ আঙ্কেল ! আপনাকে অনেক ধন্যবাদ!,positive
আমি যে মেয়েটির সাথে বিয়ে করতে চাই তার মনে কেবল আমারই থাকা উচিত।,positive
তুই! কেন তুই এখানে এসেছিস?,negative
আমাদের সবারও এটা পছন্দ।,positive
আমি আমার কন্যার সাথে তোমার বিয়ে দিতে রাজি আছি।,positive
পরাজিতদের এনে এটাকে প্রতিযোগিতার সৃষ্টি করবেন না,positive
তুমি কী জানো সে কতটা কষ্ট পেয়েছে?,negative
"একদিন না খেলে তুমি কি মরে যাবে নাকি? হ্যাঁ, আমি মরে যাব।",negative
কেউ কথা বললে আমরা তাকে হত্যা করব।,negative
"আমি তোমার কাছে ভিক্ষা চাইছি,সে তোমাকে খুব ভালবাসে।",negative
সে তোমার জন্য নিজের জীবন ত্যাগ করতে রাজি আছে। দয়া করে বোঝার চেষ্টা করো!,positive
"এখন, আমিই কেবল আপনাদের সাথেই রয়েছি।",positive
আশা করছি আপনারা অনুষ্ঠানটি উপভোগ করবেন।,positive
আমি কিছুদিন আগেই এক জ্যোতিষীর কাছে গিয়েছিলাম।,positive
"তিনি আমাকে বলেছেন, আমার প্রেমে পড়বার সম্ভাবনা রয়েছে",positive
"মজার কোনো কাহিনী, আমি শোনার জন্য খুবই আগ্রহী!",positive
তোমার চমৎকার বুদ্ধিমত্তার প্রশংসা করে আসছি,positive
আর কত সময়? আমাদের অফিসে দেরী হচ্ছে।,positive
দেরী হচ্ছে কেন?,negative
এখানে বেশিক্ষণ থাকলে কান দিয়ে রক্ত পড়া শুরু করবে,negative
ভিতরে ঢুকলি কেন রে?,negative
যা ভাগ!,negative
হায় ভগবান! ,negative
তুমি সুপার!,positive
পড়াশোনা বেশি করি নাই।করলে তাদের মতোই আমার চিন্তাভাবনা হতো,positive
ভগবান তিনজন আজ মারা গেছে।,negative
তোর বাবার ঔষুধ এনেছিস?,negative
আমাদের এক আত্মীয় মারা গেছে। তাকে কবরস্থানে নিয়ে যেতে হবে।,negative
তাড়াতাড়ি যেয়ে তোর বাবার ঔষুধ আন।,negative
যেকোন সময় তো মরে যাবে।,negative
"মরতে চায়লে, মরতে দাও।",negative
কতদিন আর বিছানায় শুয়ে কষ্ট ভোগ করবে?,negative
বাজে কথা বলিস কেন বাবার সম্পর্কে?,negative
লাশ একটা আমার জন্য অপেক্ষা করছে।,negative
লাশ আবার কোথায় যাবে? মরে পড়েই থাকবে।,negative
ভগবান! জ্বালায়ো তো না আর।,negative
গর্দভ কোথাকার!,negative
পাগল হয়ে গেছিস?,negative
যা! অপদার্থ!,negative
চিৎকার করে কাদছে।,negative
দুঃখের বিষয়। ,negative
মৃত লোকটাকে দেখছেন না?,negative
অল্প বয়সেই স্বামীকে হারালো।,negative
সৎকারে এসে সবাই লাশ দেখে।,negative
লাশের পাশে বসে কাদা মহিলা না।,negative
টাকা কেন চাচ্ছো?,negative
তার স্বামী মারা গেছেন,negative
আমাদের একজন মারা গেছে কষ্টে আছি।,negative
আপনাকে অনেক পছন্দ করি।,positive
"আপনি রাজি হলে, বিয়ে করতে চাই।",positive
আরে আবাল!,negative
আমাকে মারছেন কেন?,negative
রঙিন জীবন হয়ে গেছে শুরু মনটা উড়ে বেড়াচ্ছে মেঘের মতো ছোট একটা মাছ পানি থেকে লাফিয়ে উঠে দেখছে পৃথিবী আমার হৃদয়ও দেখতে পেয়েছে আমার পৃথিবী,positive
অপদার্থ একটা!,negative
চুপ কর!,negative
স্বামী যেহেতু মারা গেছে।,negative
কী ভাগ্য আমার!,negative
এক বিধবা বসে আছে স্বামীর শোকে আর এক ব্যভিচারী আসছে নিতে।,negative
লোকেদের কাঁদতে দেখে শোক আর কান্না ঝাঁকুনি দেয়।,negative
মেয়েটাকে যখন কাদতে দেখলাম হাতের পশমগুলো দাড়িয়ে গেলো,negative
চুপ কর! অসভ্য।,negative
মেয়েটা কষ্টে আছে।,negative
আজ সে আমাদের মাঝে নেই বিষয়টা খুবই কষ্টের।,negative
বাবা-মাকে প্রভু এই বিশাল কষ্ট থেকে রক্ষা করুন,negative
দেখতে কত সুন্দর!,positive
সর্বদা আমাদের হৃদয়ে বেঁচে থাকবে,positive
তোমাকে মিস করব,negative
কত সুন্দর কথা বলে!,positive
শালা! থাম।,negative
কথা বলার সুযোগ পেয়ে অনেক খুশি,positive
রাস্তায় একটা বেওয়ারিশ লাশ খুঁজে পেয়েছিলাম,negative
আমাদের নিয়ে সন্দেহ করার তুই কে?,negative
ঈশ্বরের কৃপায় ভালো অভিনয় করার এটাই ভালো সুযোগ,positive
অনেক ধূমপানের কারণে হয়তো মারা গেছে।,negative
"লাশ থেকে রোগ ছড়াতে পারে। এই, এবার সত্যিকারেই মারা যাবো।",negative
বেহুদা পোলাপান! থাম!,negative
বিয়ে করে তাকে সুন্দর একটা জীবন দিতে চাওয়াটা প্রশংসনীয়,positive
কী চমৎকার জুটি!,positive
আত্মা পৌঁছানোর জন্য দেহের মৃত্যু ঘটে,negative
চুপ! চুপ! চিৎকার করিও না।,negative
মনে হচ্ছে মেয়েটা ভয়াবহ যন্ত্রণায় আছে।,negative
অনেকজন কাঁদছিল,negative
"তাদের কান্না দেখিনি, শুধু তোমার কান্না দেখতে পারি।",negative
স্বামীহারা স্ত্রী সৎকারে কাঁদছে,negative
তোমাকে দেখা মাত্রই প্রেমে পড়ে গেছি।,positive
ওহ মিষ্টি মেয়ে! ,positive
তোর ছেলে মারা গেছে।,negative
মায়ের তোমার রক্ত লাগবে।,negative
কান্ডজ্ঞান বলতে কিছুই নেই?,negative
তোমাকে মেরে ফেলবো।,negative
তাকিয়ে আছিস কেন?,negative
ছেলেকে হারিয়েছি তাই শোক করছিলাম,negative
ফোনের ছবিটা ছিল কল্পনা মাত্র।,positive
আমাকে মারছ কেন?,negative
সে মারা যাবে!,negative
খারাপ লাগছে রে।,negative
ভেতরে কেমন যেন খালি খালি লাগছে,negative
আমার জীবনে শান্তি নাই।,negative
রাতে ঘুমাতে পারছি না।,negative
"স্বামীর মৃত্যুর অনেকদিন হলো, কিন্তু এখনও শোক পালন করছে",negative
তুমি দুঃখি হয়ে পড়েছ,negative
"যবে থেকে তুই মরেছিস, এক ফোঁটা পানিও খায়নি।",negative
কাঁদছ কেন?,negative
সে মারা গেছে ,negative
বেরিয়ে যা!,negative
কুত্তার বাচ্চা!,negative
আমার বাড়িতে ঢোকার সাহস কীভাবে হয়?,negative
আমার ছেলেকে কেন মারছেন?,negative
দয়া করুন।,negative
আদব-কায়দা শিখাননি বিধায় এমন পথে চলে গেছে।,positive
আবাল কোথাকার!,negative
এই! শালা বাইনচোদ!,negative
"বসতে পারবোনা, চাইলে আপনি দাঁড়াতে পারেন।",positive
তার কষ্ট কি আমার কষ্ট না?,negative
দয়া কর! সে প্রচন্ড শোকে কাতর।,negative
" চুপ কর, বড়দের সন্মান দিয়ে কথা বল।",negative
নৈতিকতা সম্পর্কে কথা বলার যোগ্য তুমি না!,positive
পুলিশ আমাকে অনেক মেরেছে।,negative
তোমাকে ছাড়া থাকতে পারবো না।,negative
আর কতদিন তার শোকে কাদবে? কাদলে ফিরে আসবে?,negative
আমাদের জীবন মিথ্যা ছাড়া কিছুই না।,positive
তোমার স্বামী যে পথে চলে গেছে সেটা মৃত্যু যেটা চিরন্তন সত্য,negative
সত্যকে গ্রহণ করতে হেরে গেলে তখন মিথ্যার আশ্রয় নিই।,positive
"কেউ মারা গেলে, তার জন্য দু'একদিন শোক করে",negative
তার বিরহে কাতর হয়ে আছো।,negative
ছি! চুপ থাকো!,negative
যখন একজন মা তার সন্তানকে মৃত দেখে,negative
সবাই কঠিন পরিস্থিতির শিকার হয়,negative
শিশুর জন্মে আনন্দের হাসি থাকে,positive
চোখের জ্বলের পিছনে থাকা কষ্ট তুমি বুঝবে না।,negative
"তোমার সব কাজ মৃতদেহ নিয়ে, তাই কখনো মৃত্যুকে সম্মান করোনা",negative
মরলে লাশ হয়ে আসবো।,negative
এখন খুশি তো?,positive
"যখন মারা যাবে,তখন আমিই তোমার লাশ নিয়ে যাবো",negative
তুমি দিবাস্বপ্ন দেখতে থাকো।,positive
তাকে সহ্য করতে না পেরে মারা গিয়েছ,negative
আমার অনেক ধৈর্য আছে।,positive
আমার আর শ্মশানের মৃতদেহের মাঝে কোনো পার্থক্য নেই,negative
তোমাকে জড়িয়ে ধরে কান্না করে,negative
আমার কাছে তোমার আশীর্বাদ আছে।,positive
কাল তোমার জন্মদিন,positive
বন্ধুদের সাথে এসে জন্মদিন পালন করবো,positive
অনেক মজা করবো,positive
তোর বাপও তোর জন্য গর্বিত,positive
সুখি জন্মদিন কামনা করছি,positive
তুই! তুই তাকে মেরেছিস?,negative
রেগে গিয়ে চড় মারবে?,negative
বাজে কথা বলবি না।,negative
তোকে আবার দেখলে সত্যিই মেরে ফেলবো।,negative
মহিলা আর পুরুষ একসাথে থাকলেই তাদের মধ্যে সম্পর্ক আছে,positive
তাকে নিয়ে গৌরব করি।,positive
কোনও মেয়ের মন জয় করার জন্য তাকে প্রথমে বুঝতে চেষ্টা করতে হয়,positive
প্রতিদিন ঘুম থেকে উঠে বাজারে যাই,positive
প্লিজ কষ্ট পেয়ো না,negative
এই যন্ত্রণা শুধু তারাই বুঝবে যারা মুখোমুখি হয়েছে,negative
মা তার সন্তানকে আঘাত করলে সন্তানও কষ্ট পায়,negative
তার সাথে থাকলে অবশ্যই সুখি থাকতাম,positive
আমার জন্য বড় দুঃখ বয়ে আনবে,negative
সকালে গিয়ে তার সাথে কথা বলবো।,positive
আসল কথায় আসা যাক,positive
বিশ্বাস বা শপথ প্রার্থনার মাধ্যমে আসে না,positive
সে আনন্দে ভেসে যেতো।,positive
দাঁত দেখানো বন্ধ কর,negative
"ওয়াও! মধুপুরের মিষ্টি, বিশ্বের সেরা মিষ্টি!",positive
"ছেলে খুব সুন্দর, নম্র ভদ্র",positive
পুনামের মা বাবা নেই,negative
প্রতিটি মানুষ জীবনে কিছু অর্জন করতে হলে প্রেরণার প্রয়োজন।,positive
খুব ভালো লাগছে,positive
গিফট পছন্দ হয়েছে,positive
আমরা একটি সাধারণ জীবনযাপন করি,positive
মনটা ভরে গেলো কতটা ভালো হয়েছে,positive
"ওয়াও! সাবাস, আপনি জিতেছেন",positive
"আমি আপনার সম্পর্কে জানি, এইজন্য দৃঢ় বিশ্বাসের সাথে বলতে পারি",positive
তোকে একটা খুশির খবর দিতে চাই,positive
অভিনন্দন,positive
"তুমি যখন চলে যাবে, তোমাকে খুব মিস করবে",negative
আপনাকে অনেক অনেক শুভেচ্ছা!,positive
আজ বাড়িতে পার্টি রেখেছে,positive
রোগীর শরীর বাজে ভাবে পুড়ে গেছে,negative
হাঁটুর ব্যাথা কী আবার বেড়ে গেছে?,negative
বাবা মারা গেছে তার মারা যাওয়াতে আমি দুঃখিত,negative
"জানো, আমি ভালোবাসা দিবসে গিফট পেয়েছিলাম।",positive
ওয়াও! আমার বাচ্চা অসাধারণ,positive
তোমারা কলেজে মধ্যে শর্ট স্কার্ট পরে ছেলেদের উত্তেজিত করার চেষ্টা করো,positive
তোমাকে অনেক ভালবাসতাম।,positive
দেখলেই অসহ্য লাগে,negative
আমাকে মারার সাহস কীভাবে হয়?,negative
কী দেখেছিস তুই?,negative
আমাকে পছন্দ করে,positive
তাকে নিয়ে গৌরব করি।,positive
"তাকে বিয়ে করতে বলেছিল, নিজের মত দেখবেও পরিবারকে বলেছিল",positive
ভালো বন্ধু হিসেবেই রয়ে গেলো।,positive
"আচ্ছা, বেশি চিন্তা করো না।",positive
বিয়ের দাওয়াত দিতে এসেছি।,positive
অনেক ভালো সংবাদ। খুব খুশির।,positive
খুব ভালো। ভগবান তোমার মঙ্গল করুক।,positive
বিয়ে করছি বললাম যাতে আপনাকে খুশি দেখতে পারি,positive
তোমার বাবা মারা গেছে কতদিন হয়েছে?,negative
খুব ভাল! চমৎকার!,positive
আসতে চাইলে এসে আশীর্বাদ দিয়ে যেয়েন।,positive
এই! যা তো!,negative
রান্নাঘরে খাবার আছে।,positive
"নিজে যেয়ে খা, মাতাল হাদারাম!",negative
তোমাকে বরবাদ করে দিয়েছি।,negative
"তোমাকে এই বিষয়ে বলেছিল, তাই না?",positive
তোমার স্ত্রী আমাদের জন্য তাদের ভালবাসা বিসর্জন করতে চেয়েছিলো।,positive
"কথা তো বলতে পারবে না, তোমার পক্ষে আমিই কথা বলছি।",positive
ঘুমিয়ে পড়ো। আমারও ঘুম আসছে।,positive
এত বিরক্ত কেন করো?,negative
ভাইয়ের মৃত্যু তোমাকে অনেকে কষ্ট দিয়েছে,negative
আমিও কষ্ট পেয়েছি,negative
মা খুশি হবে,positive
৫ বছরের কেউ মেয়ের পিছনে ঘুরলে তার উদ্দেশ্য অন্যরকম,positive
আমাদের অতীত আমাদের স্মৃতিতে থাকলে ভাল হতো।,positive
সেই স্মৃতিকে জীবন ভাবলে সামনে এগোতে পারবো না,positive
একটা স্কুল পড়ুয়া ছেলে স্কুলে একটা মেয়ের প্রেমে পড়তে পারে।,positive
আমাদের জীবন মিথ্যা ছাড়া কিছুই না,positive
তোমার স্বামী যে পথে চলে গেছে সেটা মৃত্যু যেটা চিরন্তন সত্য,negative
চ্যানেল চালু করে শক্তিমান প্রোগ্রাম দেখাতে পারেন।,positive
মজা করছিলাম,positive
জানি আমার দিকে তাকাচ্ছিলে,positive
খুব বিরক্ত করে,negative
তুমি বলেছিলে ভালোভাবে কথা বললে তুমি খুশি হবে,positive
"এখন থেকে, আমাদের মধ্যে আর প্রেম, বিয়ের বিষয় উঠবে না",positive
তুমি চাইলে বন্ধু হতে পারো।,positive
তোমার প্রেমে পড়ার কি অনুমতি চেয়েছিলাম?,positive
পরের বিষয় পরে দেখা যাবে।,positive
আমাদের সামনে আর কিছুই নাই।,positive
আজকের বাচ্চারা আগামীকালের নাগরিক।,positive
মেয়ের সামনে আমাকে মারলে কেন?,negative
আবার কেন মারছো?,negative
তুমি তোমার কাজে যাও।,positive
তোমার সাথে কথা বলা দরকার।,positive
"রাতের খাবার খাও, মা।",positive
আপনি খেয়েছেন?,positive
আমার কোনো অধিকার নেই বলার কোথায় থাকবে কোথায় বিয়ে করবে।,positive
তোমার জীবন তোমার ইচ্ছা।,positive
খবর রাখিস না কেন?,negative
ভয় করছে আমার।,negative
 এটা শুনে কষ্ট পাবে।,negative
জানি আমাকে অনেক ভালবাসো।,positive
এক্সিডেন্টের কারণে প্রচুর রক্তক্ষরণ হয়েছে।,negative
তিনি মারা গেছেন।,negative
তারা বলছে মা মারা গেছে।,negative
ভেবেছিলাম তুমি এখানে আমার জন্য অপেক্ষা করছো,positive
শ্বাস নিতে না পাওয়ার কারণে মা মারা গেছে।,negative
শ্বাস নিতে পেরেও মনে হচ্ছে মারা গেছি,negative
এখন চলে গেলে সেটা মেনে নিতে কষ্ট হচ্ছে,negative
"তোমার মায়ের প্রেমে পড়ে, কখনো ভাবিনি তোমাকে, তোমার বাবাকে বোঝাতে পারবো",positive
সমস্যা যতই বড় হোক না কেন তার সহজ সমাধান আছে।,positive
কে তোকে ঢুকতে দিয়েছে?,negative
এখানে তার বিষয়ে কথা বলতে এসেছি।,positive
 আমার ছেলে মারা যায়,negative
মারা যাওয়ার দিন তাকে সবাই অপমান করেছিল,negative
"ঈশ্বর, এসব বলার জন্য আমায় ক্ষমা করুন।",negative
তোমার জঘন্য ব্যাক্তিত্ব,negative
"আমাদের শোককে যখন অসম্মান করেছিলে, ভেবেছিলাম মৃত মানুষের প্রতি ছিটেফোটা শ্রদ্ধা নেই",negative
ভেবেছিলাম ছোট থেকে এই শিক্ষা পেয়েই বড় হয়েছো।,positive
আর এসব সহ্য করতে পারছি না,negative
হাতজোড় করছি। একটু শান্তিতে থাকতে দাও,negative
দুঃখের বিষয় সে আর বেঁচে নেই,negative
"নিঃস্ব থাকা অবস্থায়ও, ভিক্ষা বা খারাপ পথে যায় নাই",negative
আমার মায়ের মনটাকে বুঝে তাকে বিয়ে করতে চায়,positive
আমাকে কাঁদায়!,negative
আমার শিক্ষার ব্যাপারে আপনি বলার কে?,negative
ছেলের মৃত্যুর পর বাবার দায়িত্ব পালন ,negative
আমি জানি না,positive
আপনিই বিচার করে দেখুন।,positive
মৃত্যু পর্যন্তই আপনি জীবনটাকে জানতে পারেন,negative
ভয় লাগছে?,negative
মায়ের গর্ভে থাকা সন্তান ভাবে পৃথিবীটা কেবল গর্ভের মতোই বড় আর এর ঊর্ধ্বে কিছু নেই,positive
মৃত্যুটা ঠিক এমনই হয়,negative
একটা সুন্দর জীবন রয়েছে,positive
"মৃত্যু আসবে কখন জানি না,যখন আসে পলকেই জীবনটাকে ছিনিয়ে নেয়",negative
"কেউ সুখী হতে চাইলে, পৃথিবীর চেয়ে শ্রেষ্ঠতর স্বর্গ আর কোথাও নেই",positive
"যারা বিষণ্ণ হতে চায়, তাদের কাছে পৃথিবীর চেয়ে বড় নরক আর কোথাও নেই।",negative
আমার সাথে সুখে থাকবে,positive
তাহলে সেটা আমাদের জানাতো,positive
আমাকে পছন্দ করে না,negative
আমিই ওর মনের সব শান্তি কেড়ে নিয়েছি,negative
জানি আমাকে অনেক পছন্দ করো। কিন্তু চলো এসবের এখনই ইতি টানি।,positive
সেজন্যই ভেবেছিলাম আপনি বুঝবেন,positive
আমাকে কাঁদিয়ে ফেলছেন,negative
"হৃদয়ে বেদনায়, ক্ষুধার্ততায়",negative
"সে কখন ফিরে এসেছে? রাতে, বেশ দেরী",positive
ভিতরে বসুন,positive
এখানে আর কে থাকে? শুধুমাত্র আমার ভাই,positive
আপনার বাবা এবং মা সম্পর্কে কি?,positive
আপনি কত বছর এখানে বাস করছেন? ,positive
"আজ রাতে দেখা হবে অবশ্যই, আজ রাতে",positive
খাবারের জন্য ধন্যবাদ!,positive
অনেক সুস্বাদু।,positive
আমি নার্ভাস ছিলাম।,negative
তোমাকে ধন্যবাদ।,positive
"যখন তুমি হাসো, তখন তোমাকে সবচেয়ে সুন্দর লাগে।",positive
সুস্বাদু!,positive
তোমরা অনেক বেশি খেয়ে ফেলছো!,positive
তোমরা অনেক কিউট।,positive
"আমি নিশ্চিত, ওখানে আমি অনেক খুশি থাকবো।",positive
"আমিও আশা করছি, আমার ভাগ্য বদলে যাবে",positive
অনেক মজা হবে!,positive
আমি এগুলো কিনে এনেছি।,positive
শুভ সকাল!,positive
এখানে আসবার জন্য সবাইকে ধন্যবাদ,positive
আপনি আমাকে যেকোনো কিছু নিয়ে সাহায্য করতে বলতে পারেন।,positive
তোমাদেরকে অনেক ধন্যবাদ।,positive
বাড়িটা দেখতে অনেক সুন্দর।,positive
এখন থেকে আমাকে আপনার ছেলে হিসেবে বিবেচনা করবেন,positive
এবার সবাই ভিতরে গিয়ে চল কিছু খেয়ে নেই একসাথে।,positive
সেটা কীভাবে হতে পারে? এখন তো ঝকঝকে দিনের বেলা।,positive
একটি বাড়ি ধ্বংস করে ফেলেছে,negative
বাড়িটা ভেঙ্গে পড়ে গেল,negative
সবাই বাড়ির বাইরে ছিল।,positive
ভাগ্য ভাল,positive
আমরা দুঃখিত,negative
পরবর্তী বার অবশ্যই আমাদের এখানে আসবেন,positive
আমি এই ক'দিন অনেক কষ্ট করেছি।,negative
আমরা আবার নতুন বাড়ি করে নিতে পারবো।,positive
আমি আমার সব টাকা বাড়িটার পেছনে ঢেলে দিয়েছিলাম,positive
আমার ভাগ্য কত খারাপ।,negative
তোমার ভাগ্য অনেক ভালো,positive
তাহলে আমরা সবাই মারা পড়তাম।,negative
এর চেয়ে বড় সৌভাগ্য আর কী হতে পারে,positive
আমরা আসলেই অনেক সৌভাগ্যবান ছিলাম।,positive
তুমি একদম তোমার মায়ের মত।,positive
তোমার মাও তোমার মতই সহজ-সরল ছিল।,positive
দুর্ভাগ্য চলছে ওর,negative
বন্ধ করো এসব!,negative
সে এত হাসিখুশি। আজকেও তাকে কিউট লাগছে,positive
তুমি আমাকে কাঁদিয়ে দিচ্ছো,negative
তুমি ওর সাথে এভাবে কথা বললে কেন?,negative
এখন অনেক কষ্টে আছে,negative
আমার সাথে ফাজলামো করবে না,negative
আমার জীবনের দু'টা বছর নষ্ট করেছি ,negative
"অসুবিধা নেই, বাবা। আমাকে অনুমতি দেয়া হয়েছিল স্কুল থেকে।",positive
কত্ত বড় বাড়ি!,positive
বার-বি-কিউ পার্টি করতে পারে,positive
তোমাকে স্বাগতম!,positive
কত্ত সুন্দর!,positive
কী সুন্দর মেয়ে!,positive
আপনাদেরকে দেখে খুশি হলাম।,positive
তোমাকে দেখেও খুশি হলাম,positive
এর আগে আপনি আমাকে দেখেছেন,positive
তখন আমার হাতে টাকা-পয়সা ছিল না তেমন,negative
কিন্তু আমি খবরে দেখবার পর অনেক অবাক হয়েছিলাম,positive
আমি খুশি যে আমরা একসাথে হতে পেরেছি,positive
দেরি করবার জন্য দুঃখিত,negative
আমি অনেক অবাক হয়েছি,positive
তুমি তোমার রুম দেখতে চাও?,positive
আমি মজা করছিলাম।,positive
আজ আমি অনেক খুশি!,positive
সুন্দর জামা-কাপড়,positive
আমার স্বপ্ন সত্যি হয়েছে,positive
রাগ করে বসে আছে,negative
বিরক্ত করো না তো,negative
আমার জীবনে হস্তক্ষেপ করবে না।,negative
তুমি ওর সাথে স্কুলে যাও না কেন?,negative
আপনাকে স্বাগতম,positive
তার বুকে ব্যথা রয়েছে,negative
আমার বিরুদ্ধে মামলা কর,negative
এখানে সমস্যা কি?,negative
আপনি কি মানুষ?,negative
তুমি কে তা আমার কাছে কী ব্যাপার?,negative
"নিজের অহংকারটি নিজের কাছে রাখবেন, ঠিক আছে?",negative
ঠিক সেখানে থামো!,negative
"আরে, সরে যাও",negative
"আরে, আপনি কি চান? ",negative
তারা কি বলেছিল শুনেনি?,negative
এখানে কী ঘটছে?,negative
এটি কোনও ছোট সমস্যা নয়। এটি সাধারণ মানুষের দুর্দশার দিকে ইঙ্গিত করে।,positive
হিংস্র হয়ে ওঠে,negative
স্থির থাক!,negative
আসুন এবং আপনার চা পান করুন,positive
আমার হার্টের সমস্যা আছে,negative
আপনি কি আজ কলেজে যাচ্ছেন না,positive
আপনার পড়াশোনা শেষ করতে হবে এবং দ্রুত একটি চাকরি পাওয়া উচিত,positive
আপনি লিখতে বাধ্য,negative
সে আমার ছেলে,positive
আমাকে মেরে ফেলার চেষ্টা করছেন?,negative
আমি তোমাকে পুলিশে দিয়েছি!,negative
দয়া করে আমাদের ত্যাগ করবেন না,negative
তোমার সামনে বসে আছি,positive
তিনি এখন ভাল আছেন,positive
ছেলেটি ভাল ফর্মে আছে,positive
আপনি অনেক জল পান করছেন বলে মনে হচ্ছে,positive
আপনি কি চান?,negative
কেন আপনি এখানে আছেন?,negative
 ইহা বন্ধ কর,negative
আরে! আপনি কোথায় যাচ্ছেন? ,negative
অসুবিধা সহ্য করতে হবে,negative
আমাকে চুমু দাও,positive
আপনার পছন্দ মতো সবই আমি বানিয়েছি,positive
যে ছেলেটি দাঁড়িয়ে আছে সেখানে ফোন করুন। ,positive
দুর্নীতিমুক্ত সরকার ছিল।,positive
আরে! থামো,negative
রাতারাতি সাফল্য,positive
বন্ধ কর!,negative
আমি যে কোনওভাবে তদন্তের আদেশ দিচ্ছি,negative
আমরা সবাই এখানে আছি।,positive
আপনার আরও মনোযোগ দিতে হবে।,positive
আপনার নিজের যত্ন নেওয়া দরকার,positive
আরাম পেয়েছি।,positive
আপনাকে আপনার পদ থেকে পদত্যাগ করতে হবে!,negative
তুমি তাকে জিজ্ঞাসা করনি কেন? ,negative
ধন্যবাদ জনাব,positive
দ্রুত কর,negative
শিক্ষা কেবল আপনার জ্ঞান এবং বুদ্ধি প্রসারিত হওয়া উচিত নয়,positive
আমি অত্যন্ত দুঃখিত,negative
সে সুখী জীবন পেতে পারে,positive
আমি স্বস্তি পেয়েছিলাম,positive
কি হচ্ছে?,negative
আপনি এখানে কি করছেন? ,negative
"আমাদেরকে একটি নতুন যুগ, একটি নতুন ভোর এনে দিন",positive
আমাদের আরও ভাল জীবন থাকবে,positive
আমরা আগামীকাল একটি উজ্জ্বল হবে,positive
এখানে একটি নতুন যুগের সূচনা হচ্ছে,positive
"আমাদেরকে একটি নতুন যুগ, একটি নতুন ভোর এনে দিন",positive
সকলেই কিছুটা বিক্ষুব্ধ।,negative
কেন আপনি এই বিলের বিরুদ্ধে?,negative
আপনি কেন মুখ্যমন্ত্রীকে দোষ দিচ্ছেন?,negative
আমি তোমার সাথে একমত,positive
কি দুর্দান্ত বাড়ি,positive
এটি বন্ধ করে দেব,negative
আপনার ভাল উদ্দেশ্য,positive
তোমার প্রচেষ্টাকে সাধুবাদ জানাই,positive
শুভকামনা! তোমাকে শুভ কামনা,positive
"ধন্যবাদ, মহামান্য!",positive
আমাদের সবার জন্য এটি একটি স্মরণীয় দিন হয়ে উঠুক,positive
আপনার পদত্যাগ করা উচিত,negative
"যা, বাইরে থেকে দরজা বন্ধ করে দে",negative
"শালা, তারপরেও হারামির মত কাজ করলি?",negative
তিনি আমার কাজ পছন্দ করলেন,positive
আমি সব জানি।,positive
শালা মেয়েদের পাঠিয়ে ব্যবসা করিস?,negative
"বল না, শালা! চুপ কেন?",negative
এত ভয় পাচ্ছ কেন?,negative
একদিন মরে যেতে হবে,negative
এসব আজেবাজে কথা ছাড়ো,negative
"যা, গাধা।",negative
চাপামারা বন্ধ কর,negative
আমি তোমার প্রেমে পড়েছি,positive
দায়িত্ব পালনের সময় হয়ে গেছে,positive
এইভাবে তাকাচ্ছেন কেন?,negative
চুপ কর!,negative
ভিতরে ঢুকে গেলি?,negative
কখনও কখনও প্রথম দেখাতেই প্রেম হয়,positive
"আর তুমি তাকেও মেরে ফেললে, শালা!",negative
"কুকুর পালতে হলে, ভালো জাতের পালা উচিত",positive
"তোমাকে কাকে মারতে পাঠিয়েছিলাম, আর কাকে মেরে এসেছ?",negative
আপনারা মজা করেন।,positive
বাবু মারা গেছে।,negative
জনগণের কাছে ভালো সম্মান আছে তাদের,positive
বিরক্তিকর!,negative
যা মেরে দেখা!,negative
মারবি?,negative
"যদি কোন বেশ্যার ছেলে না হয়ে থাকিস,",negative
তবে মেরে দেখা।,negative
ধরো ওরে! ধরো শালারে! ,negative
তার বউয়ের মনে হয় অবস্থা খারাপ হয়ে গেছে।,negative
আমাকে সাহায্য করার জন্য ধন্যবাদ।,positive
"শালা, আমার শিকারে হাত দিবি তো হাত ভেঙে দেবো।",negative
"জানিস, আমি কে?",negative
আমি তো ছোটবেলা থেকেই আপনার ভক্ত!,positive
সত্যি বলছি আমার বয়স ১০ বছর ছিল,positive
সেদিন থেকে আপনার গল্প শুনছি,positive
দারুন করেছিলেন,positive
"যে কাজ করবে, সেই তো টাকা পাবে",positive
"তুমি মারলে, এই হারামীকে কে টাকা দেবে?",negative
"ভাগ, শালা।",negative
অন্যকিছুর ভয় পাচ্ছে,negative
আমার আগে তুই ওই তিনজনকে মেরে ফেলবি?,negative
তবে শিষ্য সবসময় গুরুর চেয়ে চালাক হয়। ,positive
খুব মজা,positive
কী দুর্দশা হবে,negative
ভয় পাবেন না,negative
কয়জনকে মেরেছিস? ,negative
সারা জীবন শুধু মারাই খেয়ে গেলাম,negative
হারামি কে?,negative
সবকিছু কেমন চলছে?,positive
আর কিছু লাগলে ফোন করব।,positive
"ওহ, খোদা!",negative
অনেক সুস্বাদু।,positive
কুত্তার বাচ্চা,negative
হারামজাদা!,negative
আমি বলেছিলাম ওকে এখানে নিয়ে আসতে,positive
কিন্তু শালাটা আমার জায়গা নিতে চায়।,negative
তুই তো হিরো।,positive
চিয়ার্স!,positive
বাহ! তোমাদের দুজনের কী সুন্দর জুটি হয়েছে,positive
মজা লাগল।,positive
দারুণ দারুণ! ,positive
কী দারুণ ছন্দ বলছ!,positive
মনে হয় একে অপরের প্রেমে পড়ে গেছ।,positive
তোমাদের খুশির জন্য আমি এই রাত উৎসর্গ করতে পারি,positive
"শালা, তুই আমাকে কী মনে করিস?",negative
বদমাইশ!,negative
নাটক বন্ধ কর। শয়তানি করছিলি না তুই?,negative
স্বাধীন  জীবন,positive
গরীবের দুঃখ কেবল গরীবই বুঝতে পারে।,negative
"আমার সম্মান নষ্ট করবে নাকি, শালা?",negative
সাবাস। সাবাস!,positive
লাথি মার লাথি।,negative
"শালা, তোকে ছাড়ব না।",negative
"তোর সুযোগ শেষ, তুই সর।",negative
খেলায় তো আমি জিতেছি,positive
খালি হাতে বাড়ি যাওয়া থেকে তো ভাল,positive
সে নিশ্চয়ই এখন বড় হয়ে গেছে,positive
সে তো মরে গেছে,negative
কিন্তু তার কর্মফল একদিন হলেও তার কাছে ফিরে আসে,positive
সব হারামজাদা শালা!,negative
কেঁদে কেঁদে মনে হয় এই রাত কান্নায়,negative
আমার জীবন ভিক্ষা দিন,negative
আমার জীবন ভিক্ষা দিন! আমি আপনার পায়ে ধরছি,negative
"বাহ, বাহ! কী সুন্দর!",positive
কী অসাধারণ কথা! বাহ! বাহ!,positive
আমার স্ত্রী কবিতা খুব পছন্দ করে।,positive
পুড়ে যাওয়া লাশ পাওয়া গেছে,negative
"যথেষ্ট হয়েছে! ভাগ, এখান থেকে।",negative
উনি এমনিতেই ভয়ে আছে!,negative
গুলি কে করছে?,negative
" তোমাকে জিজ্ঞেস করেছি, ওটা কে ছিল?",negative
চুপ করেন!,negative
খালি বড়ো বড়ো কথা!,negative
এখন পালিয়ে যাচ্ছিস কেন?,negative
হারামজাদা কোথাকার!,negative
"চুপ কর, নাহলে তোর মুখ ভেঙে দেবো।",negative
তুই আমার মুখ ভেঙে দিবি! কীভাবে বললি?,negative
"হারামজাদা, হারামি",negative
আমার কিছুই ফেলতে পারবি না তুই!,negative
তোর এতো সাহস কীভাবে হলো?,negative
"প্রথমে জানলে, তোরে মেরে মেরে খুনই করে ফেলতাম।",negative
খুব সুন্দর ঘ্রাণ আসে।,positive
আহা,positive
একবার যদি ওকে পাই না!,negative
নিজের সিকিউরিটির জন্য পুরো দলকে সাথে রেখেছে,positive
"মারতে চাইলে মেরে ফেলো, কিন্তু এভাবে মেরো না",negative
তুমি আমার ভাইয়ের মতো,positive
"তুমি আমাকে বোন বলে ডেকেছ, তাই না",positive
কুত্তার বাচ্চা!,negative
"হারামজাদা, এভাবে মারিস না!",negative
শালা আমাকে গুলি করেছে।,negative
হারামী মরে গেলে কী হতো?,negative
আমার নাম ধরে রাখার জন্য কাউকে তো লাগবে।,positive
আমার জন্যই সে তার প্রথম কাজ করেছিল।,positive
"আমাকে তো বলেছিল, সে প্রথম কাজ দুই হাজার টাকায় করেছিল।",positive
খুব ব্যথা করছে,negative
আমি তাড়াতাড়ি আসার চেষ্টা করব,positive
তখনই আমরা ওকে খুন করব।,negative
আমিও আপনাকে কিছু বলতে চাই।,positive
আমার একটা মেয়ে হয়েছে।,positive
ভগবান ওর মঙ্গল করুক।,positive
তোমার মৃত্যুর খবর পাওয়ার পরেই তাকে বলেছিলাম,negative
ওকে মেরে ফেলেছে!,negative
"যথেষ্ট হয়েছে, তোমরা দুজনেই চলে যাও।",positive
আপনার মাথা খারাপ হয়ে গেছে?,negative
"আচ্ছা শোনো, আমি নিজের বাড়ি যাচ্ছি।",positive
পাগল মনে করেছেন আমাকে?,negative
তুই আমাকে মিথ্যে বলেছিলি কেন?,negative
বাড়িটা খুবই ভালো।,positive
আমরা একে অপরকে ভালোবাসি,positive
"গতকাল যা হয়েছিল, তা আবার যেন না হয়।",negative
কাজ শেষ হয়ে গেলেই ফিরে আসব।,positive
নিশ্চয়ই তোমার ওই বান্ধবী বলে দিয়েছে,positive
তোমাকে বলেছিলাম ওকে খুন করতে,positive
একবার গুলি করে ৮ বছর শান্তিতে ঘুমাতে পারিনি,negative
"যে মারা যাবে, সে হেরে যাবে",negative
এটা বন্ধ করো।,negative
এটা কী ধরণের নৃশংসতা?,negative
আমাদের এটি একটি সক্রিয় হাসপাতাল।,positive
খুন! খুন!খুন হয়েছেন,negative
আমাদের চ্যানেল একেবারে সামনে আছে,positive
কিন্তু আমি তোমাকে টিভি তে দেখতে পাচ্ছি না,positive
তীব্র রোদে কাজ করতে করতে চুল সব গেছে,negative
আচ্ছা কল এসেছে। আমি পরে ফোন করবো।,positive
আচ্ছা একটু অপেক্ষা করো,positive
আমি এর বদলা নিবোই!,negative
শোকে আচ্ছন্ন,negative
আমি একটু ঘুম যাই,positive
"শুভ সকাল, ম্যাডাম।",positive
ও আমার সাথে অসভ্যতা করছে।,negative
দেখতে সুন্দরী হওয়ায় একটু চিমটি কেটেছি,positive
তুমি মদ খেয়েছ?,negative
বেরিয়ে যাও আমার ক্লাস থেকে,negative
আপনি বিষয়টাকে এত সহজ ভাবে নিচ্ছেন দেখে অবাক হচ্ছি,positive
"আমি দুঃখিত, স্যার",negative
গতকাল পড়তে আসোনি কেন?,negative
একজন একা মা হয়েও তিনটে ফুটফুটে শিশুকে তুই লালন পালন করেছিস,positive
অন্যের বাচ্চাকে নিজের বাচ্চা মনে করে বড় করছিস,positive
সত্যিই তুই অনেক বড় মনের মানুষ।,positive
এত অল্প বয়সেই আপনার পুত্রবধু বিধবা হয়ে গেল।,negative
দিন দিন রুপির মূল্য কমে যাচ্ছে।,positive
আমরা সবাই গর্বিত,positive
খুব ভালো একটা দিন,positive
"শুভ সকাল, স্যার!",positive
সবাই দুশ্চিন্তায় আছে,negative
দু'জনের জীবনই ঝুঁকিতে আছে।,negative
ঠান্ডায় আপনার হাত কাঁপছে।,negative
মজাই আলাদা,positive
শ্বাস বন্ধ হয়ে মারা যাব,negative
আমি শান্তিতে মরতে চাই,negative
সবাইকে শুভ সন্ধ্যা।,positive
আপনারা আমাদের অনুপ্রেরণা।,positive
আপনারাই সত্যিকারের হিরো।,positive
সে নাচতে ভালবাসে,positive
ছেলেটা সত্যিই ভালো।,positive
তোর বোনের জন্য আমি একটা পাত্র ঠিক করেছি,positive
সত্যিই আমার বোন ভাগ্যবতী,positive
সে তো খুব খুশি।,positive
"আমি খুব খুশি, মা।",positive
আমি তোদের এক এক করে মারব,negative
আমার উপহার কেমন লাগলো?,positive
খুব বাজে গালি দিয়েছিস।,negative
থমে আপনার শ্বাসরোধ করবে আর তারপর গলা কাটবে,negative
সে গুরুতর আহত এবং বেঁচে থাকার সম্ভাবনা খুব কম।,negative
তার ভাইও এখন গুরুতর অবস্থায়।,negative
দেশের জন্যে প্রাণ দিয়েছে,negative
২ দিন আগে আমার সাথে দেখা করে তার বোনের বিয়ের ব্যাপারে বলেছিল,positive
আমি সত্যি খুব খুশি হব,positive
তার পুরো পরিবার ভেঙে পড়বে।,negative
"যদি নৈতিক দিক বিবেচনা করি, আমাদের মধ্যে একজন বিয়েতে উপস্থিত হবে এবং বিয়ের কাজটা সেরে ফেলতে বলবে",positive
আমি বলব নৈতিকতা,positive
আমার সাহসী ছেলে,positive
ভীষণ রোমাঞ্চকর,positive
শান্তিপূর্ণ জীবন,positive
জানেন কেন আপনাকে এখানে নিয়ে এসেছি,positive
"যেমন কর্ম, তেমন ফল",positive
ভুলভাল সব পড়িয়ে আমার বাবার কাছ থেকে টাকা হাতিয়েছেন,positive
এখনও ওর সাথে কথা বলছিস কেন?,negative
বড় মানুষ হিসেবে আমাদের উচিত এসব মীমাংসা করে নেওয়া,positive
চলুন কথা বলি,positive
ক্ষমতার বলে যা ইচ্ছা তাই করেছেন,negative
আপনাকে জেলে ঢোকাব।,negative
আমার মনে হয় না এসব সত্যি,positive
আপনার বালের শিক্ষা!,negative
আমার বিপক্ষে যাওয়ার জন্যে সত্যিই সাহসের প্রয়োজন,positive
সূর্য ধীরে ধীরে অস্ত যাবে,positive
আমরা হলাম কনে পক্ষ,positive
আমার ছেলের রাশিতে কিছু সমস্যা ছিল,negative
খুব সুন্দর!,positive
আমাকে বিয়ে করতে বাধ্য করা হয়েছিল,negative
অনেক অপমানই সহ্য করতে হয়,negative
এই গাঁধাটাকে কে বিয়ে করবে,negative
"আমাদের বোন যেন আমাদের মত দূর্ভাগা না হয়, সেটা আমাদেরকেই নিশ্চিত করতে হবে",positive
সে তো খুবই সুন্দর!,positive
একটা সুদর্শন ছেলে,positive
আমি আপনাকে ভালোবাসি,positive
কিন্তু আমি তো বিবাহিত,positive
আপনার দ্বিতীয় স্ত্রী হতে আমার কোনো আপত্তি নেই,positive
"আপনার উচিত এই বিয়েটা বাতিল করে, আমাদেরকে সমর্থন জানানো",positive
হাঁটুতে ব্যথা করছে,negative
শরীরে ব্যথা করছে,negative
ভালোবাসার সাথে ফিটনেসের কোনো সম্পর্ক নেই,positive
তার মৃত্যু নিশ্চিত,negative
সুন্দর! মিষ্টি!,positive
সৃষ্টিকর্তাকে ধন্যবাদ!,positive
হাত ধরার মাধ্যমে তাদের অর্ধেক বিয়ে হয়ে গেছে,positive
আমাদের কষ্টের কথা জানলে তুমি এভাবে বলতে না,negative
আমার স্বামী খুব খারাপ লোক।,negative
সে আমার উপর খুব নির্যাতন করে।,negative
বাকিটা আমাকে বলতে দাও,positive
বাহ! তুমি তো বেশ বুদ্ধিমান।,positive
তুই খুব ভাগ্যবতী রে।,positive
আমিও সেটা বিবেচনা করেই রাজি হয়ে গিয়েছিলাম,positive
তাই তার কথা বিশ্বাস করে আমি কাগজে স্বাক্ষর করে দিয়েছিলাম,positive
ভাগ্য ভালো,positive
সে বিয়ে করলে আপনিই সবচেয়ে সুখী হবেন,positive
বেশ আরামদায়ক,positive
আপনি আমার শক্তি। আমার সাহস,positive
কী সুন্দর! কী মিষ্টি!,positive
কী সুদর্শন!,positive
আমি ওকে একটা সুন্দর জীবন দিব,positive
বাহ! কী দারুণ,positive
ওর জন্য একটা হাততালি হয়ে যাক৷,positive
"যদি এমন কারো মতামত পেতাম, যে এসবের সাথে জড়িত নয়",positive
কী সুন্দর নাটক! ,positive
ভালো বুদ্ধি৷ ভালো বুদ্ধি। ,positive
লোকটা মারা যাবে তো!,negative
আমি নিশ্চিত সে খুশি হবে,positive
তুমি দেখতে একদম আমার মেলায়  হারিয়ে যাওয়া ছেলেটার মতো,positive
"ও একটা শয়তান মেয়ে, বাবাকে ঠকিয়েছে",negative
তুই একটা চোর৷,negative
উনি খুব বিপদে আছেন৷,negative
আমাকে ক্ষমা করে দিন,negative
আপনি মনোযোগ দিচ্ছেন না কেন? ,negative
বাচ্চারা কাঁদছে,negative
"ওই, কে রে শালা তুই?",negative
সবকিছুই পরিকল্পনা মাফিক হবে,positive
তুই কোন নরক থেকে এসেছিস রে?,negative
এখানেই মরবি তুই।,negative
আপনি যা করেছেন তার জন্যে আপনাকে মেরে ফেলা উচিত,negative
